Title,Channel,Views,Likes
Faguni Mon ü©∑ ‡¶´‡¶æ‡¶ó‡ßÅ‡¶®‡ßÄ ‡¶Æ‡¶® l Holi Special l Ariyoshi l Priyasmita l 2026 l,Ariyoshi Synthia,223044,22319
Toxic Official Hindi Teaser | Rocking Star Yash | Geetu Mohandas | KVN | Monster Mind Creations,KVN PRODUCTIONS,9349938,284162
[Hindi] BGIS 2026 | ROUND 4 | Day 1,KRAFTON INDIA ESPORTS,1515920,37265
Aura Of Ustaad - Song Promo | Ustaad Bhagat Singh | Pawan Kalyan | Harish Shankar | Devi Sri Prasad,Sony Music South,548512,47806
House of the Dragon Season 3 | Official Teaser | HBO Max,HBO Max,2427310,96917
ESCAPING A GANGSTER‚ÄôS SECRET BASE | GTA 5 GAMEPLAY #164,Techno Gamerz,10762894,759820
POWER STAR PAWAN SINGH - SATRANGI SALWARWA | LATEST BHOJPURI HOLI SONG 2026 FT. MAHIMA SINGH,T-Series Hamaar Bhojpuri,1130592,78965
Toxic Yash Teaser REVIEW | Deeksha Sharma,Filmi Indian,257035,21425
Opening a Business to Become Rich in Minecraft..,Karry Kraft,652617,9152
#Video | #‡§®‡•Ä‡§≤‡§ï‡§Æ‡§≤ ‡§∏‡§ø‡§Ç‡§π | ‡§ß‡§∞S ‡§ï‡§Æ‡§∞ ‡§∞‡§æ‡§ú‡§æ ‡§ú‡•Ä | #Neelkamal Singh | Shrishti Uttrakhandi | Bhojpuri Song,Neel Hit Bhojpuri,216358,221
